metric	value
acc_consistent	0.5928145852945872
acc_counter	0.4084582535778019
acc_diff_con_minus_ctr	0.18435633171678528
n_consistent	5664.0
n_counter	5568.0
